Country Name,Country Code,Indicator Name,Indicator Code,1960,1961,1962,1963,1964,1965,1966,1967,1968,1969,1970,1971,1972,1973,1974,1975,1976,1977,1978,1979,1980,1981,1982,1983,1984,1985,1986,1987,1988,1989,1990,1991,1992,1993,1994,1995,1996,1997,1998,1999,2000,2001,2002,2003,2004,2005,2006,2007,2008,2009,2010,2011,2012,2013,2014,2015,2016
Australia,AUS,"Fertility rate, total (births per woman)",SP.DYN.TFRT.IN,3.453,3.54,3.442,3.332,3.146,2.977,2.881,2.848,2.888,2.886,2.859,2.961,2.744,2.491,2.397,2.148,2.06,2.007,1.949,1.907,1.891,1.935,1.929,1.924,1.84,1.923,1.868,1.845,1.831,1.838,1.902,1.849,1.888,1.859,1.842,1.822,1.796,1.778,1.762,1.755,1.756,1.739,1.756,1.748,1.768,1.807,1.908,1.959,1.984,1.971,1.928,1.927,1.921,1.859,1.859,,
Austria,AUT,"Fertility rate, total (births per woman)",SP.DYN.TFRT.IN,2.69,2.78,2.8,2.82,2.79,2.7,2.66,2.62,2.58,2.49,2.29,2.2,2.08,1.94,1.91,1.83,1.69,1.63,1.6,1.6,1.65,1.67,1.66,1.56,1.52,1.47,1.45,1.43,1.45,1.45,1.46,1.51,1.51,1.5,1.47,1.42,1.45,1.39,1.37,1.34,1.36,1.33,1.39,1.38,1.42,1.41,1.41,1.38,1.42,1.39,1.44,1.43,1.44,1.44,1.44,,
Burundi,BDI,"Fertility rate, total (births per woman)",SP.DYN.TFRT.IN,6.953,6.998,7.045,7.092,7.138,7.179,7.216,7.247,7.272,7.293,7.311,7.329,7.348,7.37,7.395,7.419,7.439,7.452,7.457,7.455,7.45,7.449,7.454,7.469,7.492,7.52,7.546,7.565,7.572,7.564,7.542,7.508,7.465,7.418,7.368,7.318,7.267,7.217,7.165,7.112,7.057,7,6.939,6.873,6.803,6.729,6.649,6.566,6.48,6.391,6.302,6.212,6.123,6.035,5.948,,
Belgium,BEL,"Fertility rate, total (births per woman)",SP.DYN.TFRT.IN,2.54,2.63,2.59,2.68,2.71,2.61,2.52,2.41,2.31,2.27,2.25,2.21,2.09,1.95,1.83,1.74,1.73,1.71,1.69,1.69,1.68,1.66,1.61,1.57,1.54,1.51,1.54,1.54,1.57,1.58,1.62,1.66,1.65,1.61,1.56,1.56,1.59,1.6,1.6,1.62,1.67,1.67,1.65,1.67,1.72,1.76,1.8,1.82,1.85,1.84,1.86,1.81,1.79,1.75,1.75,,
Benin,BEN,"Fertility rate, total (births per woman)",SP.DYN.TFRT.IN,6.282,6.339,6.394,6.447,6.497,6.544,6.588,6.63,6.671,6.71,6.748,6.786,6.823,6.86,6.896,6.929,6.959,6.984,7.004,7.018,7.025,7.025,7.021,7.01,6.994,6.972,6.942,6.904,6.858,6.805,6.744,6.677,6.603,6.526,6.446,6.365,6.284,6.205,6.128,6.051,5.975,5.898,5.818,5.733,5.645,5.553,5.459,5.365,5.272,5.182,5.094,5.009,4.927,4.846,4.766,,
Burkina Faso,BFA,"Fertility rate, total (births per woman)",SP.DYN.TFRT.IN,6.291,6.316,6.344,6.377,6.414,6.454,6.493,6.53,6.563,6.593,6.623,6.657,6.697,6.744,6.799,6.859,6.922,6.984,7.041,7.09,7.127,7.152,7.165,7.167,7.159,7.142,7.119,7.092,7.064,7.036,7.007,6.979,6.95,6.917,6.882,6.844,6.801,6.754,6.704,6.65,6.592,6.531,6.468,6.403,6.335,6.265,6.192,6.116,6.036,5.953,5.867,5.78,5.693,5.607,5.521,,
Bangladesh,BGD,"Fertility rate, total (births per woman)",SP.DYN.TFRT.IN,6.725,6.761,6.794,6.825,6.853,6.878,6.901,6.92,6.935,6.945,6.947,6.942,6.928,6.904,6.869,6.821,6.758,6.681,6.59,6.483,6.359,6.217,6.058,5.884,5.698,5.501,5.298,5.092,4.887,4.686,4.494,4.314,4.146,3.99,3.846,3.713,3.592,3.479,3.372,3.269,3.169,3.069,2.971,2.874,2.779,2.687,2.6,2.521,2.449,2.387,2.332,2.286,2.245,2.209,2.175,,
"Bahamas, The",BHS,"Fertility rate, total (births per woman)",SP.DYN.TFRT.IN,4.495,4.496,4.45,4.356,4.22,4.057,3.893,3.75,3.641,3.571,3.531,3.504,3.469,3.411,3.33,3.234,3.139,3.062,3.012,2.99,2.989,2.994,2.989,2.965,2.919,2.857,2.789,2.728,2.683,2.654,2.639,2.631,2.621,2.601,2.566,2.514,2.443,2.357,2.263,2.165,2.071,1.989,1.924,1.88,1.857,1.853,1.862,1.877,1.891,1.901,1.904,1.9,1.893,1.883,1.872,,
Belize,BLZ,"Fertility rate, total (births per woman)",SP.DYN.TFRT.IN,6.5,6.48,6.46,6.44,6.42,6.4,6.379,6.358,6.337,6.316,6.299,6.288,6.284,6.285,6.286,6.278,6.25,6.195,6.109,5.992,5.849,5.684,5.51,5.336,5.17,5.019,4.886,4.771,4.671,4.584,4.508,4.436,4.363,4.286,4.201,4.109,4.01,3.908,3.805,3.703,3.6,3.496,3.39,3.282,3.175,3.072,2.977,2.893,2.821,2.762,2.714,2.676,2.643,2.611,2.579,,
Bolivia,BOL,"Fertility rate, total (births per woman)",SP.DYN.TFRT.IN,6.7,6.668,6.633,6.597,6.559,6.519,6.477,6.432,6.384,6.335,6.284,6.233,6.182,6.132,6.081,6.029,5.975,5.917,5.855,5.787,5.715,5.637,5.556,5.472,5.386,5.3,5.215,5.132,5.051,4.971,4.894,4.817,4.741,4.664,4.585,4.503,4.418,4.331,4.241,4.148,4.055,3.96,3.866,3.773,3.683,3.595,3.51,3.427,3.348,3.271,3.2,3.133,3.073,3.017,2.968,,
Botswana,BWA,"Fertility rate, total (births per woman)",SP.DYN.TFRT.IN,6.615,6.632,6.649,6.666,6.681,6.693,6.698,6.696,6.686,6.667,6.641,6.611,6.579,6.546,6.512,6.477,6.44,6.399,6.35,6.291,6.217,6.125,6.012,5.88,5.731,5.567,5.393,5.214,5.036,4.863,4.698,4.542,4.394,4.252,4.117,3.989,3.866,3.746,3.631,3.519,3.413,3.312,3.219,3.134,3.06,2.998,2.952,2.921,2.903,2.895,2.893,2.89,2.881,2.864,2.836,,
Central African Republic,CAF,"Fertility rate, total (births per woman)",SP.DYN.TFRT.IN,5.84,5.867,5.891,5.91,5.925,5.937,5.945,5.95,5.953,5.954,5.954,5.954,5.953,5.952,5.951,5.95,5.951,5.952,5.953,5.954,5.954,5.955,5.956,5.955,5.952,5.944,5.927,5.902,5.868,5.826,5.78,5.734,5.691,5.653,5.622,5.596,5.573,5.55,5.522,5.488,5.446,5.393,5.329,5.257,5.176,5.089,4.996,4.902,4.807,4.714,4.624,4.537,4.451,4.368,4.286,,
Canada,CAN,"Fertility rate, total (births per woman)",SP.DYN.TFRT.IN,3.811,3.753,3.681,3.607,3.456,3.115,2.749,2.528,2.386,2.334,2.258,2.141,1.98,1.89,1.837,1.824,1.796,1.782,1.768,1.754,1.74,1.7,1.69,1.68,1.65,1.67,1.675,1.68,1.68,1.77,1.83,1.7,1.71,1.7,1.6695,1.639,1.592,1.55,1.53,1.51,1.49,1.505,1.52,1.53,1.53,1.54,1.5862,1.6589,1.6808,1.668,1.6269,1.61,1.61,1.61,1.61,,
Chile,CHL,"Fertility rate, total (births per woman)",SP.DYN.TFRT.IN,5.113,5.066,5.009,4.94,4.859,4.763,4.648,4.514,4.363,4.197,4.021,3.842,3.665,3.496,3.341,3.201,3.08,2.976,2.886,2.81,2.749,2.703,2.67,2.649,2.634,2.622,2.61,2.593,2.57,2.539,2.501,2.456,2.407,2.358,2.311,2.265,2.222,2.181,2.143,2.107,2.073,2.042,2.013,1.986,1.959,1.934,1.91,1.887,1.865,1.844,1.824,1.806,1.789,1.774,1.761,,
China,CHN,"Fertility rate, total (births per woman)",SP.DYN.TFRT.IN,5.754,5.904,6.061,6.206,6.32,6.385,6.384,6.317,6.184,5.986,5.725,5.403,5.036,4.644,4.245,3.861,3.51,3.202,2.945,2.747,2.613,2.546,2.533,2.556,2.602,2.65,2.678,2.676,2.634,2.551,2.428,2.276,2.111,1.952,1.806,1.684,1.59,1.522,1.477,1.453,1.447,1.455,1.469,1.486,1.502,1.513,1.521,1.526,1.531,1.535,1.539,1.544,1.549,1.555,1.562,,
Cote d'Ivoire,CIV,"Fertility rate, total (births per woman)",SP.DYN.TFRT.IN,7.351,7.427,7.501,7.572,7.639,7.701,7.757,7.806,7.849,7.883,7.908,7.927,7.937,7.94,7.934,7.916,7.882,7.832,7.765,7.683,7.59,7.488,7.383,7.278,7.176,7.078,6.984,6.892,6.801,6.71,6.622,6.536,6.454,6.374,6.298,6.224,6.152,6.08,6.008,5.935,5.861,5.788,5.716,5.645,5.577,5.512,5.45,5.392,5.337,5.283,5.231,5.177,5.121,5.063,5.001,,
Cameroon,CMR,"Fertility rate, total (births per woman)",SP.DYN.TFRT.IN,5.647,5.705,5.766,5.828,5.89,5.949,6.005,6.058,6.11,6.159,6.205,6.247,6.286,6.322,6.356,6.391,6.429,6.47,6.516,6.563,6.609,6.651,6.683,6.703,6.708,6.697,6.669,6.627,6.572,6.508,6.434,6.352,6.264,6.173,6.08,5.989,5.903,5.823,5.749,5.682,5.621,5.567,5.515,5.464,5.413,5.358,5.299,5.235,5.166,5.093,5.017,4.938,4.859,4.781,4.704,,
"Congo, Rep.",COG,"Fertility rate, total (births per woman)",SP.DYN.TFRT.IN,5.88,5.921,5.965,6.008,6.052,6.094,6.136,6.177,6.216,6.253,6.288,6.319,6.347,6.369,6.384,6.389,6.382,6.36,6.324,6.273,6.21,6.134,6.05,5.959,5.866,5.773,5.681,5.59,5.503,5.422,5.349,5.286,5.235,5.194,5.163,5.142,5.128,5.121,5.116,5.113,5.109,5.105,5.101,5.096,5.089,5.081,5.072,5.063,5.052,5.038,5.02,4.994,4.961,4.919,4.869,,
Colombia,COL,"Fertility rate, total (births per woman)",SP.DYN.TFRT.IN,6.807,6.801,6.779,6.736,6.668,6.567,6.425,6.246,6.034,5.797,5.548,5.3,5.067,4.857,4.675,4.523,4.396,4.284,4.177,4.071,3.965,3.855,3.744,3.634,3.526,3.42,3.32,3.227,3.142,3.065,2.994,2.927,2.86,2.794,2.727,2.66,2.596,2.535,2.481,2.432,2.389,2.349,2.311,2.274,2.236,2.197,2.157,2.118,2.08,2.044,2.01,1.978,1.948,1.922,1.897,,
Costa Rica,CRI,"Fertility rate, total (births per woman)",SP.DYN.TFRT.IN,6.451,6.405,6.322,6.201,6.044,5.853,5.63,5.383,5.123,4.861,4.611,4.385,4.188,4.026,3.898,3.805,3.741,3.695,3.657,3.622,3.588,3.552,3.517,3.482,3.448,3.411,3.371,3.328,3.281,3.229,3.172,3.11,3.044,2.973,2.899,2.821,2.737,2.649,2.557,2.463,2.373,2.29,2.216,2.155,2.105,2.065,2.034,2.006,1.979,1.951,1.922,1.893,1.866,1.841,1.819,,
Caribbean small states,CSS,"Fertility rate, total (births per woman)",SP.DYN.TFRT.IN,5.52010293883625,5.53257872829705,5.52302044416138,5.4913219577916,5.43851089680346,5.36673418004934,5.27606088209146,5.17165895248444,5.05879548397238,4.94165954639633,4.82249363950257,4.69875751137387,4.56966220831374,4.43592163989007,4.29843384729828,4.16255924811273,4.03787880291068,3.92439168824405,3.82471249772301,3.74030774447743,3.66766879571059,3.60247166919413,3.53808126118301,3.47069037238979,3.39809217969321,3.31958633707099,3.23764817900822,3.15583460178531,3.07769816000343,3.00370696274805,2.9361421232796,2.87191206840259,2.81327247127512,2.7586592514507,2.7074071719216,2.65804994191991,2.61176222816704,2.56584354797517,2.52045280827249,2.4759882351321,2.43296842642179,2.39317632998342,2.35696900013628,2.32481224073492,2.29625493621658,2.27159950358899,2.24962960154402,2.22844165639279,2.206880455494,2.18461543701078,2.1613576448036,2.13878585467875,2.11692018291995,2.09618927437672,2.0768111857922,,
Denmark,DNK,"Fertility rate, total (births per woman)",SP.DYN.TFRT.IN,2.57,2.55,2.55,2.67,2.6,2.61,2.62,2.35,2.12,2,1.95,2.04,2.03,1.92,1.9,1.92,1.75,1.66,1.67,1.6,1.55,1.44,1.43,1.38,1.4,1.45,1.48,1.5,1.56,1.62,1.67,1.68,1.76,1.75,1.81,1.8,1.75,1.75,1.72,1.73,1.77,1.74,1.72,1.76,1.78,1.8,1.85,1.84,1.89,1.84,1.87,1.75,1.73,1.67,1.67,,
Dominican Republic,DOM,"Fertility rate, total (births per woman)",SP.DYN.TFRT.IN,7.555,7.487,7.404,7.303,7.186,7.053,6.903,6.738,6.561,6.375,6.182,5.983,5.781,5.58,5.382,5.193,5.014,4.847,4.693,4.552,4.422,4.303,4.19,4.082,3.978,3.878,3.783,3.694,3.612,3.537,3.465,3.397,3.329,3.262,3.195,3.13,3.069,3.014,2.966,2.926,2.892,2.862,2.835,2.807,2.779,2.749,2.718,2.687,2.656,2.627,2.597,2.568,2.539,2.51,2.48,,
Algeria,DZA,"Fertility rate, total (births per woman)",SP.DYN.TFRT.IN,7.524,7.573,7.614,7.646,7.665,7.675,7.676,7.672,7.666,7.656,7.643,7.624,7.597,7.558,7.505,7.434,7.344,7.234,7.105,6.957,6.794,6.617,6.43,6.237,6.038,5.835,5.627,5.412,5.191,4.962,4.726,4.479,4.223,3.962,3.702,3.448,3.208,2.988,2.796,2.635,2.514,2.438,2.404,2.407,2.441,2.499,2.576,2.661,2.744,2.818,2.873,2.903,2.909,2.893,2.857,,
East Asia & Pacific (excluding high income),EAP,"Fertility rate, total (births per woman)",SP.DYN.TFRT.IN,5.82369364629829,5.92993035645083,6.03860028912701,6.13801624671429,6.21544337939337,6.25825211379234,6.25185465262655,6.19639694261709,6.08990845954258,5.93176441380487,5.72252944407176,5.4638715405207,5.16811053963043,4.85108229489906,4.5268872421429,4.21245700587419,3.92052457385091,3.66036731022668,3.43783082451449,3.25878410577735,3.12715019061685,3.04372225836332,2.99887576080244,2.97996863286121,2.97846808927495,2.97894534128958,2.96587438445321,2.932692496368,2.87272418015293,2.78542407567378,2.67122656795349,2.53877995995021,2.39781270377899,2.2617858517594,2.13632853793554,2.02981365549825,1.94355494143141,1.87885826738227,1.83347793197518,1.80488885572274,1.79052945340066,1.78774720695096,1.79013040461641,1.79542120487957,1.80056421957238,1.80273817170887,1.80453687495948,1.80456167470718,1.80517533121386,1.80586785791739,1.80706890169466,1.80872742957248,1.81020145682932,1.81208860476799,1.81422910334027,,
Early-demographic dividend,EAR,"Fertility rate, total (births per woman)",SP.DYN.TFRT.IN,6.14556534261695,6.14406900396788,6.13830620012614,6.12766366858383,6.11142454336783,6.08930131501801,6.06189622280845,6.02921672482881,5.99161094910983,5.94879712805653,5.90026982614602,5.84445822857586,5.78149467644284,5.71146446313956,5.63592834754061,5.55674287308571,5.4769518310858,5.39744937444294,5.31967106065505,5.24379916778028,5.16917195212104,5.09354149675095,5.015146020059,4.93210937514674,4.84407309116696,4.75001660954405,4.64935512725218,4.54517777435831,4.43589686356282,4.32586364038891,4.21854546688842,4.1126164544547,4.00670534551762,3.9050229734729,3.80782733900218,3.71873612791867,3.63084329878417,3.54768595532981,3.46796033936253,3.39298172322038,3.32078630334458,3.25176085807145,3.18743438202073,3.12411011896433,3.06587743364438,3.00792370679404,2.95484819793205,2.90596039931553,2.85871506270979,2.81247746021686,2.7677536946417,2.7264267678521,2.68765313925217,2.65071045047125,2.6143537481457,,
East Asia & Pacific,EAS,"Fertility rate, total (births per woman)",SP.DYN.TFRT.IN,5.39430529414956,5.47178586374103,5.54754303075552,5.62375789023187,5.68351350537487,5.72396732954051,5.65442568421655,5.65600667426675,5.58335895644835,5.44951569912936,5.27600630840994,5.06499730558926,4.80173429558755,4.53129415440598,4.23687859295045,3.9429074037951,3.67776170874814,3.45017780373304,3.24884080308414,3.10098835636899,2.98496197283909,2.90731339968097,2.86811720895626,2.84721157172177,2.83950724538876,2.83714732451155,2.82150586000601,2.79048744872462,2.73798821849877,2.65514377134475,2.55396942274144,2.43895626917185,2.31412202458948,2.18768604582569,2.07860328920266,1.97797980056611,1.8993265019165,1.83785096678294,1.79461065789507,1.76611282317035,1.75690481730378,1.74798048892783,1.74706002175295,1.75104288292177,1.75613090987005,1.75599022873564,1.76316068377969,1.76832751634328,1.76967664795355,1.76931529499022,1.77306503636803,1.77542348694711,1.77947326805909,1.77831716644442,1.78071206491849,,
Europe & Central Asia,ECS,"Fertility rate, total (births per woman)",SP.DYN.TFRT.IN,2.83674109422511,2.82256740529241,2.8014060169278,2.79464683995481,2.78297207828128,2.73459259661549,2.70128517932806,2.70643856480709,2.65457002550864,2.60016953387756,2.55326858619186,2.53289022926768,2.47019309345002,2.40673886991489,2.39382226751421,2.33972149458296,2.30094305541443,2.2462748831526,2.21066675623469,2.18715189322258,2.16022379885435,2.12685129391575,2.13433602558546,2.12455090841279,2.09991581307995,2.08724482550141,2.0938999781654,2.08940926569809,2.05921665996982,1.99861715077897,1.95499554332685,1.89068957652822,1.81876578419,1.74087752317308,1.6977478725103,1.6541785969515,1.62129175188223,1.59475373150835,1.57241344110011,1.54691570590286,1.55825892080901,1.54606535874518,1.55581991933372,1.56519471945045,1.59314558120681,1.58580362067379,1.61524483773641,1.65949717702952,1.71588177274869,1.71551494711146,1.72295058851667,1.70661228631039,1.73584920630142,1.71402329271636,1.71319916232046,,
Ecuador,ECU,"Fertility rate, total (births per woman)",SP.DYN.TFRT.IN,6.721,6.7,6.676,6.646,6.61,6.564,6.507,6.436,6.351,6.252,6.138,6.011,5.873,5.727,5.577,5.426,5.276,5.129,4.988,4.853,4.727,4.611,4.503,4.401,4.305,4.213,4.123,4.034,3.945,3.856,3.767,3.679,3.594,3.514,3.437,3.364,3.294,3.225,3.157,3.09,3.027,2.968,2.914,2.868,2.828,2.793,2.763,2.736,2.71,2.684,2.656,2.628,2.599,2.571,2.542,,
Euro area,EMU,"Fertility rate, total (births per woman)",SP.DYN.TFRT.IN,2.60133501659255,2.63307085171374,2.63860990562986,2.67977333575046,2.73323754238224,2.67924420283818,2.66094604115089,2.6196270605301,2.55702753749331,2.48685596227172,2.39292433316388,2.34176703803358,2.23412779373082,2.13117055053235,2.10031106842861,2.02654180981,1.9847178343553,1.9094807185899,1.85323417516693,1.80017753884118,1.77206847843974,1.72623063961034,1.69792662013616,1.63889000440124,1.60137245339862,1.59034155488466,1.57920796292783,1.55892730107401,1.56221849358895,1.5295156763965,1.53445122266291,1.4889190959201,1.4698015222416,1.43699135013058,1.39980375781107,1.38546905989025,1.39934093546879,1.4194529861038,1.42073996524772,1.43443052422392,1.47277023168953,1.45775102588109,1.45876418860154,1.47313456628334,1.4957087843761,1.49941877376167,1.52272425400855,1.53952935145859,1.58001479019488,1.5641087965008,1.58019407988926,1.55440585920017,1.5481635670343,1.52383832969082,1.52548792715054,,
Spain,ESP,"Fertility rate, total (births per woman)",SP.DYN.TFRT.IN,2.86,2.77,2.8,2.88,3.01,2.94,2.91,2.94,2.87,2.86,2.84,2.88,2.86,2.84,2.89,2.8,2.79,2.66,2.54,2.36,2.2,2.04,1.94,1.8,1.73,1.64,1.56,1.5,1.45,1.4,1.36,1.33,1.32,1.27,1.2,1.17,1.16,1.18,1.16,1.19,1.23,1.24,1.25,1.3,1.31,1.33,1.36,1.38,1.45,1.38,1.37,1.34,1.32,1.27,1.27,,
European Union,EUU,"Fertility rate, total (births per woman)",SP.DYN.TFRT.IN,2.58415784390692,2.59539427666782,2.59090419097343,2.62414449545517,2.65466743154772,2.59725098850036,2.5569577600972,2.59676432998939,2.53628690893035,2.45149301056797,2.36446507619272,2.32163422051003,2.2206530200607,2.13759701345423,2.13193124394337,2.06505248162926,2.02292313706706,1.95832829720783,1.91967160973868,1.89923491851049,1.87319444663508,1.82124032589,1.79384406431544,1.75218845403364,1.73372203340131,1.73030074862431,1.71758765242758,1.69976128655465,1.70253129659919,1.667161636279,1.6582478768167,1.61211478402757,1.5755233580129,1.53447079717006,1.4923388420579,1.45150717199818,1.45248344853805,1.45317096607139,1.44319215062032,1.44264134225158,1.46584816495821,1.44804006254257,1.44513165500984,1.46344411492147,1.49026194578577,1.50193416987462,1.53274527092905,1.55812153834865,1.60909586531438,1.60101517326801,1.61209438601108,1.57677314144934,1.57911936831105,1.54271992748878,1.54409288390115,,
Finland,FIN,"Fertility rate, total (births per woman)",SP.DYN.TFRT.IN,2.72,2.72,2.68,2.68,2.59,2.48,2.41,2.32,2.14,1.93,1.83,1.68,1.58,1.49,1.61,1.68,1.7,1.68,1.64,1.64,1.63,1.64,1.71,1.74,1.69,1.64,1.6,1.59,1.69,1.71,1.78,1.79,1.85,1.81,1.85,1.81,1.76,1.75,1.7,1.73,1.73,1.73,1.72,1.76,1.8,1.8,1.84,1.83,1.85,1.86,1.87,1.83,1.8,1.75,1.75,,
Fiji,FJI,"Fertility rate, total (births per woman)",SP.DYN.TFRT.IN,6.461,6.281,6.085,5.881,5.676,5.475,5.278,5.083,4.892,4.71,4.543,4.397,4.275,4.178,4.106,4.054,4.018,3.992,3.968,3.941,3.907,3.864,3.813,3.755,3.693,3.629,3.568,3.512,3.465,3.427,3.398,3.374,3.352,3.33,3.305,3.276,3.244,3.209,3.171,3.132,3.09,3.046,3.001,2.954,2.907,2.86,2.816,2.774,2.736,2.701,2.669,2.641,2.615,2.589,2.564,,
France,FRA,"Fertility rate, total (births per woman)",SP.DYN.TFRT.IN,2.85,2.87,2.89,2.89,2.87,2.84,2.8,2.75,2.69,2.62,2.55,2.47,2.38,2.28,2.18,2.09,2.01,1.94,1.89,1.87,1.85,1.85,1.86,1.86,1.86,1.86,1.85,1.83,1.81,1.79,1.77,1.75,1.74,1.73,1.73,1.74,1.75,1.77,1.78,1.81,1.89,1.9,1.88,1.89,1.92,1.94,2,1.98,2.01,2,2.03,2.01,2.01,1.99,1.99,,
Gabon,GAB,"Fertility rate, total (births per woman)",SP.DYN.TFRT.IN,4.384,4.462,4.541,4.619,4.694,4.766,4.834,4.899,4.961,5.021,5.081,5.143,5.208,5.275,5.343,5.412,5.48,5.543,5.6,5.648,5.684,5.709,5.722,5.723,5.712,5.689,5.654,5.609,5.554,5.491,5.421,5.345,5.263,5.176,5.087,4.996,4.903,4.809,4.716,4.625,4.539,4.46,4.389,4.327,4.274,4.23,4.194,4.164,4.138,4.112,4.083,4.05,4.01,3.963,3.909,,
United Kingdom,GBR,"Fertility rate, total (births per woman)",SP.DYN.TFRT.IN,2.69,2.78,2.86,2.88,2.93,2.86,2.78,2.68,2.6,2.51,2.44,2.41,2.2,2.04,1.92,1.81,1.74,1.69,1.75,1.86,1.9,1.82,1.78,1.77,1.77,1.79,1.78,1.81,1.82,1.79,1.83,1.82,1.79,1.76,1.74,1.71,1.73,1.72,1.71,1.68,1.64,1.63,1.63,1.7,1.75,1.76,1.82,1.86,1.91,1.89,1.92,1.91,1.92,1.83,1.83,,
Ghana,GHA,"Fertility rate, total (births per woman)",SP.DYN.TFRT.IN,6.749,6.789,6.827,6.862,6.893,6.918,6.937,6.95,6.957,6.957,6.95,6.936,6.915,6.888,6.855,6.815,6.771,6.721,6.665,6.605,6.539,6.468,6.392,6.31,6.223,6.131,6.035,5.935,5.831,5.725,5.616,5.505,5.391,5.277,5.164,5.057,4.957,4.869,4.792,4.727,4.67,4.618,4.568,4.517,4.464,4.413,4.367,4.33,4.303,4.285,4.272,4.258,4.238,4.209,4.168,,
Greece,GRC,"Fertility rate, total (births per woman)",SP.DYN.TFRT.IN,2.23,2.13,2.16,2.14,2.24,2.25,2.32,2.45,2.42,2.36,2.4,2.32,2.32,2.27,2.38,2.33,2.35,2.27,2.28,2.26,2.23,2.09,2.03,1.94,1.83,1.67,1.6,1.5,1.5,1.4,1.4,1.38,1.39,1.34,1.35,1.31,1.28,1.28,1.26,1.24,1.27,1.25,1.27,1.28,1.3,1.32,1.38,1.38,1.47,1.49,1.47,1.4,1.35,1.3,1.3,,
Guatemala,GTM,"Fertility rate, total (births per woman)",SP.DYN.TFRT.IN,6.534,6.512,6.49,6.464,6.434,6.399,6.36,6.323,6.288,6.259,6.235,6.219,6.208,6.203,6.201,6.202,6.206,6.211,6.213,6.21,6.195,6.161,6.105,6.027,5.93,5.82,5.704,5.591,5.488,5.396,5.315,5.244,5.174,5.102,5.024,4.939,4.847,4.75,4.648,4.543,4.434,4.322,4.207,4.091,3.976,3.865,3.76,3.664,3.578,3.501,3.434,3.373,3.317,3.263,3.211,,
Guyana,GUY,"Fertility rate, total (births per woman)",SP.DYN.TFRT.IN,5.754,5.689,5.619,5.548,5.481,5.421,5.366,5.314,5.263,5.21,5.154,5.092,5.022,4.944,4.86,4.769,4.675,4.579,4.486,4.395,4.308,4.226,4.148,4.073,4.001,3.931,3.863,3.796,3.731,3.666,3.601,3.535,3.467,3.4,3.332,3.267,3.206,3.15,3.101,3.059,3.022,2.989,2.958,2.926,2.894,2.86,2.824,2.787,2.751,2.715,2.68,2.647,2.615,2.585,2.558,,
High income,HIC,"Fertility rate, total (births per woman)",SP.DYN.TFRT.IN,3.00554712797232,3.01169321543835,2.96349510726263,2.94124347106357,2.91843056790854,2.81836161654114,2.65230978301353,2.64062969595971,2.59084223855492,2.54751228691111,2.50933551270338,2.446072234556,2.30838128000995,2.22471808672419,2.17225803168317,2.08499340824945,2.02671482573749,1.99670886512686,1.95378019274245,1.96447500090826,1.95574659893672,1.91372985666456,1.90556165020956,1.86889920232742,1.84194242287735,1.84144365137569,1.8200886567405,1.81452779127602,1.83172046667594,1.82688116293571,1.84821777357536,1.82702422805682,1.80508017948316,1.76771653192549,1.74706247337709,1.71150832866794,1.7054955005981,1.6944824699386,1.68910018892377,1.68180530815973,1.70950505530543,1.67765334896031,1.66354334104285,1.67434035381259,1.68505437458167,1.68352368841142,1.7233405671953,1.74925828958723,1.7578769490526,1.73003771965415,1.72148749348844,1.69818433731374,1.70027916499405,1.67200392338463,1.67459516733309,,
"Hong Kong SAR, China",HKG,"Fertility rate, total (births per woman)",SP.DYN.TFRT.IN,5.162,5.213,5.18,5.051,4.833,4.551,4.246,3.959,3.722,3.545,3.421,3.459,3.315,3.177,2.967,2.666,2.48,2.376,2.272,2.12,2.047,1.933,1.86,1.722,1.559,1.491,1.367,1.311,1.4,1.296,1.272,1.281,1.347,1.342,1.355,1.295,1.191,1.127,1.017,0.982,1.035,0.932,0.939,0.901,0.927,0.966,0.984,1.028,1.064,1.055,1.127,1.204,1.285,1.124,1.234,,
Honduras,HND,"Fertility rate, total (births per woman)",SP.DYN.TFRT.IN,7.458,7.448,7.443,7.441,7.443,7.442,7.435,7.417,7.383,7.334,7.27,7.195,7.111,7.025,6.935,6.844,6.749,6.649,6.543,6.431,6.313,6.19,6.062,5.932,5.802,5.674,5.553,5.439,5.333,5.233,5.139,5.048,4.956,4.86,4.758,4.649,4.531,4.405,4.272,4.134,3.993,3.849,3.706,3.564,3.427,3.293,3.164,3.039,2.918,2.802,2.695,2.599,2.514,2.442,2.382,,
Heavily indebted poor countries (HIPC),HPC,"Fertility rate, total (births per woman)",SP.DYN.TFRT.IN,6.71566177067228,6.72956590896143,6.743673729006,6.75771055135702,6.77100440069783,6.78376408847876,6.79654657034018,6.80965197298819,6.82307838834354,6.836965253841,6.85092743655191,6.86481815188468,6.87828505519452,6.89049440332935,6.90098566113266,6.90906277920782,6.91472722407595,6.91745873087803,6.91725015969479,6.91397075544965,6.90722396150708,6.89690626060451,6.88343546436125,6.86700905677464,6.84746297205225,6.82436344271339,6.79719074014239,6.7652162790445,6.72783254427863,6.6849815778092,6.63788533221922,6.58674613420972,6.53514874340457,6.48352926568802,6.43211131246695,6.3804166879682,6.32654400021012,6.27035565182495,6.2113613504894,6.14982351039464,6.08562366209932,6.01809577254814,5.94827673154049,5.87584161391622,5.80084348391388,5.72300176073074,5.64174382211317,5.55855626903703,5.47433343538637,5.38938185050359,5.30437735688767,5.21890035259469,5.13375147431132,5.04934528388467,4.96592565156439,,
IDA total,IDA,"Fertility rate, total (births per woman)",SP.DYN.TFRT.IN,6.56070654663255,6.57612054142232,6.58937536056811,6.60080717845272,6.60915323554708,6.61577095507457,6.62091259498931,6.62523877847712,6.62816462316966,6.62969677454899,6.62879034848588,6.62410121337332,6.61523236856476,6.60085074407679,6.58132256989505,6.55637858181332,6.52645788472181,6.4924569804953,6.45452377132613,6.41251167238937,6.36629596042892,6.31521244634029,6.25929946755138,6.19881480816004,6.13389503441234,6.06371490932167,5.98719939088551,5.90748097870613,5.81780055091253,5.72730045787128,5.63458508435617,5.54645479926724,5.45177576792353,5.35733196508896,5.26330261581003,5.18087132173431,5.08820127475616,4.99884912914741,4.91235212118364,4.83234033288504,4.75549257515543,4.68281229196075,4.61946041762048,4.55547410567022,4.50041894965911,4.44239149990615,4.38977412947701,4.34069763164393,4.29210316467759,4.24029606688729,4.18737932861865,4.13681090259537,4.08819314086572,4.03923392527423,3.98885798415762,,
IDA blend,IDB,"Fertility rate, total (births per woman)",SP.DYN.TFRT.IN,6.3383310207687,6.34489148015191,6.34627388580514,6.34425727575663,6.33798483953403,6.33088314042487,6.32467668629075,6.32025536706183,6.31662522107017,6.31378950816946,6.31000055678674,6.30342740790062,6.29196165195384,6.27256739244345,6.24587383009428,6.21082806797005,6.16747975174254,6.11807601415247,6.06333326175239,6.00451711909281,5.94343700121133,5.88194772706028,5.81915463424772,5.75641921714393,5.69355182179789,5.62888668341014,5.55918329070805,5.4896038730641,5.39971616849336,5.31234335806999,5.22027661967271,5.13557875393605,5.02727301132294,4.91652630107738,4.80071585041563,4.70548175673333,4.59034986607526,4.48025604383561,4.37286658595611,4.28357282772125,4.20217659871347,4.13048578135242,4.08280520062321,4.03246487224306,4.00694263708376,3.97674607734265,3.96047646349889,3.95472956310883,3.94643792668115,3.92527978818059,3.89585498223337,3.87053239469735,3.84506865971798,3.81648743350042,3.77873198739038,,
India,IND,"Fertility rate, total (births per woman)",SP.DYN.TFRT.IN,5.906,5.903,5.895,5.881,5.86,5.831,5.795,5.752,5.703,5.648,5.587,5.519,5.444,5.363,5.278,5.192,5.109,5.03,4.957,4.89,4.828,4.767,4.704,4.636,4.563,4.484,4.399,4.311,4.222,4.132,4.044,3.959,3.877,3.798,3.723,3.651,3.581,3.513,3.446,3.379,3.311,3.243,3.174,3.105,3.036,2.966,2.896,2.826,2.755,2.687,2.622,2.563,2.51,2.465,2.427,,
Ireland,IRL,"Fertility rate, total (births per woman)",SP.DYN.TFRT.IN,3.78,3.78,3.92,4.01,4.07,4.04,3.94,3.84,3.77,3.83,3.85,3.93,3.84,3.71,3.59,3.37,3.29,3.24,3.21,3.21,3.21,3.05,2.94,2.74,2.58,2.48,2.44,2.32,2.17,2.08,2.11,2.08,1.99,1.9,1.85,1.84,1.88,1.93,1.94,1.9,1.89,1.94,1.97,1.96,1.93,1.86,1.91,2.01,2.06,2.06,2.05,2.03,2.01,1.96,1.96,,
Iceland,ISL,"Fertility rate, total (births per woman)",SP.DYN.TFRT.IN,4.29,3.88,3.98,3.99,3.88,3.73,3.59,3.28,3.06,2.99,2.81,2.92,3.09,2.94,2.66,2.65,2.52,2.31,2.35,2.49,2.48,2.33,2.27,2.24,2.08,1.93,1.92,2.06,2.26,2.19,2.3,2.18,2.21,2.22,2.14,2.08,2.12,2.04,2.05,1.99,2.08,1.95,1.93,1.99,2.04,2.05,2.08,2.09,2.15,2.23,2.2,2.02,2.04,1.93,1.93,,
Israel,ISR,"Fertility rate, total (births per woman)",SP.DYN.TFRT.IN,3.866,3.858,3.85,3.838,3.826,3.814,3.802,3.79,3.786,3.782,3.778,3.774,3.77,3.698,3.626,3.554,3.482,3.41,3.354,3.298,3.242,3.186,3.13,3.106,3.082,3.058,3.034,3.01,2.948,2.886,2.824,2.762,2.7,2.8,2.9,2.9,2.9,2.94,2.98,2.965,2.95,2.92,2.89,2.95,2.9,2.84,2.88,2.9,2.96,2.96,3.03,2.98,3.05,3.03,3.08,,
Italy,ITA,"Fertility rate, total (births per woman)",SP.DYN.TFRT.IN,2.37,2.42,2.44,2.5,2.65,2.59,2.57,2.5,2.49,2.46,2.38,2.4,2.35,2.3,2.28,2.17,2.04,1.93,1.84,1.73,1.64,1.58,1.56,1.51,1.46,1.42,1.35,1.33,1.36,1.33,1.33,1.3,1.3,1.25,1.21,1.19,1.2,1.21,1.21,1.23,1.26,1.25,1.27,1.29,1.34,1.34,1.37,1.4,1.45,1.45,1.46,1.44,1.43,1.39,1.39,,
Jamaica,JAM,"Fertility rate, total (births per woman)",SP.DYN.TFRT.IN,5.419,5.529,5.627,5.711,5.775,5.815,5.821,5.79,5.722,5.617,5.477,5.305,5.108,4.899,4.685,4.478,4.286,4.115,3.965,3.839,3.733,3.643,3.559,3.477,3.394,3.308,3.223,3.142,3.069,3.003,2.947,2.899,2.86,2.826,2.797,2.768,2.738,2.704,2.666,2.623,2.577,2.529,2.482,2.439,2.398,2.361,2.325,2.289,2.251,2.213,2.174,2.136,2.102,2.072,2.046,,
Japan,JPN,"Fertility rate, total (births per woman)",SP.DYN.TFRT.IN,2.001,2.05,2.01,2.02,2.05,2.139,1.58,2.02,2.13,2.13,2.135,2.16,2.14,2.14,2.05,1.909,1.85,1.8,1.79,1.77,1.75,1.74,1.77,1.8,1.81,1.76,1.72,1.69,1.66,1.57,1.54,1.53,1.502,1.458,1.5,1.422,1.425,1.388,1.384,1.342,1.359,1.33,1.32,1.29,1.29,1.26,1.32,1.34,1.37,1.37,1.39,1.39,1.41,1.43,1.42,,
Kenya,KEN,"Fertility rate, total (births per woman)",SP.DYN.TFRT.IN,7.946,7.998,8.042,8.078,8.103,8.119,8.126,8.125,8.117,8.103,8.081,8.051,8.012,7.963,7.905,7.84,7.769,7.695,7.618,7.538,7.455,7.366,7.27,7.165,7.049,6.918,6.769,6.602,6.422,6.231,6.037,5.847,5.668,5.506,5.366,5.251,5.165,5.102,5.059,5.03,5.012,5,4.989,4.975,4.953,4.921,4.878,4.825,4.766,4.7,4.629,4.556,4.481,4.406,4.334,,
"Korea, Rep.",KOR,"Fertility rate, total (births per woman)",SP.DYN.TFRT.IN,6.155,5.989,5.789,5.574,5.357,5.157,4.987,4.845,4.725,4.624,4.53,4.54,4.12,4.07,3.77,3.43,3,2.99,2.64,2.9,2.82,2.57,2.39,2.06,1.74,1.66,1.58,1.53,1.55,1.56,1.57,1.71,1.76,1.654,1.656,1.634,1.574,1.52,1.448,1.41,1.467,1.297,1.166,1.18,1.154,1.076,1.123,1.25,1.192,1.149,1.226,1.244,1.297,1.187,1.205,,
Liberia,LBR,"Fertility rate, total (births per woman)",SP.DYN.TFRT.IN,6.406,6.429,6.453,6.476,6.5,6.524,6.552,6.583,6.617,6.655,6.695,6.736,6.777,6.815,6.849,6.88,6.907,6.93,6.95,6.964,6.973,6.973,6.964,6.946,6.917,6.875,6.82,6.752,6.673,6.587,6.499,6.414,6.336,6.267,6.208,6.156,6.109,6.061,6.008,5.948,5.88,5.804,5.722,5.635,5.547,5.456,5.366,5.277,5.19,5.105,5.024,4.945,4.868,4.793,4.719,,
Sri Lanka,LKA,"Fertility rate, total (births per woman)",SP.DYN.TFRT.IN,5.541,5.421,5.299,5.18,5.067,4.959,4.849,4.734,4.609,4.477,4.342,4.208,4.083,3.97,3.87,3.783,3.705,3.633,3.562,3.488,3.408,3.319,3.223,3.12,3.012,2.904,2.8,2.703,2.617,2.544,2.483,2.433,2.39,2.353,2.32,2.291,2.268,2.252,2.242,2.239,2.241,2.247,2.257,2.268,2.278,2.284,2.283,2.274,2.257,2.233,2.203,2.17,2.138,2.108,2.083,,
Lower middle income,LMC,"Fertility rate, total (births per woman)",SP.DYN.TFRT.IN,5.92974934093149,5.93166439180086,5.93217502222121,5.92565855960441,5.91235462458603,5.89935052299657,5.87994699492506,5.85267415998735,5.81988209272655,5.78513886549584,5.74615605072544,5.69943309893527,5.64397977603264,5.58327624589551,5.51991293785953,5.45268517562305,5.38463538255197,5.31599095781199,5.25128017030463,5.18675760337899,5.12199750775103,5.05426568793553,4.9855874366121,4.91357318850013,4.83392707499713,4.74786541821544,4.65792802970383,4.56406498374235,4.4658045391526,4.36544040821145,4.26805219733192,4.17360565395581,4.07726424253447,3.98230037214763,3.89091248401041,3.80874843314889,3.72617532485781,3.64861416204574,3.57529982666119,3.50683167224152,3.44393596577252,3.38438786475397,3.33100476485373,3.27851593950314,3.23036480583929,3.18015524907261,3.1356242417809,3.09311728283768,3.05304554264217,3.0115699534353,2.97080164907602,2.93356228600738,2.89966033454109,2.86572324817617,2.83291045005835,,
Low & middle income,LMY,"Fertility rate, total (births per woman)",SP.DYN.TFRT.IN,5.66520868118114,5.69468644234634,5.74203548162073,5.77230965775222,5.78919109853493,5.79378589903499,5.776815038929,5.75028171875952,5.68865768133102,5.60464727070233,5.50328919969914,5.37130969851499,5.23902120437543,5.08676137167242,4.9351372529867,4.78202282023798,4.63758537684256,4.5056854919787,4.38865537784319,4.28892207404482,4.20648688485263,4.136334818056,4.09381989012118,4.05406399106235,4.01541357913532,3.97556064711673,3.93299511923156,3.87810797905928,3.80336426429927,3.71509889747734,3.61596582346775,3.50792718848119,3.40202992867159,3.29677905116996,3.20559033540684,3.12211856571786,3.04880431273712,2.98382247314425,2.93454694311789,2.88920532360637,2.85252218895774,2.82221901992041,2.79718677920491,2.77250313282287,2.75094945564835,2.725364469524,2.70460844692794,2.68740125632031,2.67170614123573,2.6538476733608,2.63693692438782,2.62109463076035,2.61060025504955,2.59663181445328,2.58378292073152,,
Lesotho,LSO,"Fertility rate, total (births per woman)",SP.DYN.TFRT.IN,5.839,5.829,5.82,5.812,5.806,5.802,5.801,5.803,5.805,5.807,5.808,5.807,5.802,5.794,5.78,5.761,5.736,5.706,5.672,5.633,5.589,5.542,5.491,5.436,5.377,5.313,5.244,5.169,5.088,5.004,4.919,4.837,4.759,4.686,4.617,4.548,4.475,4.394,4.302,4.2,4.089,3.972,3.856,3.744,3.64,3.548,3.473,3.412,3.366,3.33,3.303,3.278,3.253,3.222,3.185,,
Morocco,MAR,"Fertility rate, total (births per woman)",SP.DYN.TFRT.IN,7.065,7.106,7.131,7.135,7.119,7.081,7.024,6.953,6.871,6.781,6.687,6.588,6.485,6.38,6.273,6.168,6.067,5.97,5.876,5.782,5.682,5.57,5.439,5.29,5.123,4.942,4.754,4.567,4.387,4.217,4.058,3.905,3.755,3.606,3.457,3.309,3.166,3.029,2.902,2.789,2.691,2.611,2.55,2.506,2.479,2.466,2.468,2.48,2.498,2.518,2.535,2.544,2.545,2.535,2.515,,
Madagascar,MDG,"Fertility rate, total (births per woman)",SP.DYN.TFRT.IN,7.3,7.3,7.3,7.3,7.3,7.301,7.304,7.31,7.316,7.322,7.325,7.325,7.318,7.3,7.269,7.216,7.129,7.008,6.857,6.687,6.514,6.359,6.24,6.165,6.135,6.146,6.182,6.225,6.256,6.268,6.258,6.225,6.179,6.126,6.066,5.999,5.924,5.841,5.749,5.651,5.548,5.443,5.337,5.233,5.133,5.039,4.952,4.87,4.794,4.722,4.654,4.59,4.528,4.468,4.409,,
Mexico,MEX,"Fertility rate, total (births per woman)",SP.DYN.TFRT.IN,6.768,6.762,6.758,6.754,6.752,6.755,6.768,6.789,6.813,6.831,6.83,6.789,6.7,6.558,6.366,6.13,5.864,5.587,5.317,5.064,4.836,4.635,4.456,4.295,4.149,4.018,3.898,3.786,3.68,3.578,3.478,3.382,3.291,3.206,3.126,3.051,2.982,2.917,2.857,2.8,2.747,2.697,2.649,2.604,2.561,2.521,2.483,2.447,2.415,2.385,2.356,2.328,2.3,2.272,2.243,,
Middle income,MIC,"Fertility rate, total (births per woman)",SP.DYN.TFRT.IN,5.60189658236979,5.63378691622403,5.68460852637032,5.71714945504047,5.73475776763539,5.73857464765154,5.71907843456769,5.68901425754159,5.62130079713898,5.52981368257204,5.4200496936031,5.27826478431689,5.13591988409557,4.97266636877934,4.81024469636231,4.6462208744501,4.49183799510927,4.35063932415015,4.22522039608762,4.11832599933061,4.03002029463244,3.95637114373127,3.91168698803495,3.87043711444386,3.83035846666186,3.78903000673379,3.74503379122885,3.68779257289073,3.60915530185299,3.51593659736659,3.41100779026641,3.29701871318693,3.18428529677165,3.07241201276344,2.97544467830113,2.88702227034335,2.81003957680915,2.74263799161654,2.69127576787278,2.64456770327983,2.60759774964271,2.57737632814834,2.55271888718912,2.52842220208266,2.50749304409578,2.48222055023406,2.4626462362129,2.44695492860592,2.43286715397881,2.41629885438413,2.40054063278315,2.38600038338311,2.37706173947239,2.36411601257985,2.35226165369883,,
Mauritania,MRT,"Fertility rate, total (births per woman)",SP.DYN.TFRT.IN,6.775,6.787,6.794,6.798,6.799,6.799,6.798,6.798,6.795,6.791,6.784,6.774,6.759,6.739,6.713,6.681,6.641,6.594,6.541,6.484,6.426,6.368,6.314,6.264,6.219,6.178,6.14,6.103,6.065,6.024,5.98,5.932,5.88,5.825,5.768,5.708,5.647,5.585,5.524,5.463,5.403,5.344,5.286,5.228,5.171,5.114,5.058,5.002,4.947,4.891,4.835,4.778,4.721,4.662,4.603,,
Malawi,MWI,"Fertility rate, total (births per woman)",SP.DYN.TFRT.IN,6.94,6.964,6.991,7.023,7.058,7.096,7.137,7.179,7.221,7.262,7.303,7.345,7.389,7.432,7.476,7.517,7.555,7.589,7.615,7.632,7.639,7.635,7.619,7.591,7.551,7.496,7.424,7.335,7.232,7.119,7.001,6.886,6.778,6.681,6.598,6.528,6.468,6.414,6.36,6.306,6.25,6.194,6.138,6.083,6.028,5.969,5.901,5.823,5.734,5.636,5.531,5.423,5.318,5.22,5.129,,
Malaysia,MYS,"Fertility rate, total (births per woman)",SP.DYN.TFRT.IN,6.194,6.136,6.052,5.942,5.808,5.655,5.492,5.326,5.165,5.014,4.872,4.737,4.603,4.469,4.337,4.209,4.092,3.99,3.906,3.839,3.789,3.753,3.725,3.702,3.679,3.656,3.63,3.604,3.576,3.546,3.515,3.485,3.454,3.422,3.385,3.339,3.275,3.19,3.085,2.961,2.825,2.683,2.545,2.418,2.307,2.217,2.146,2.093,2.051,2.021,1.998,1.982,1.968,1.956,1.944,,
North America,NAC,"Fertility rate, total (births per woman)",SP.DYN.TFRT.IN,3.66833100544864,3.63219570481859,3.48124677804555,3.34560961532281,3.21468572105156,2.93184432830255,2.7236323453,2.55515506078581,2.45654155251621,2.44426355502167,2.45855349300363,2.25386233080746,2.00706754613378,1.88008364095288,1.83519880277755,1.7790177592426,1.74384014716883,1.78919256601071,1.76080789749435,1.80254866860419,1.82942695604585,1.80064478070073,1.81355016140678,1.78694289386976,1.79066456514828,1.82642359929575,1.82107316861468,1.85251937761639,1.90814386983981,1.98898043854183,2.05518834420533,2.02523029352372,2.01152225643822,1.98680186483452,1.96763166233875,1.94357020539104,1.93706656036008,1.9284146804933,1.95172830686877,1.95753185207485,1.99929959613445,1.97785774241643,1.9703776422143,1.99561882485571,1.99921039084966,2.00518836510174,2.05567432070072,2.0736898833673,2.0326329624165,1.96829970332811,1.90025039659777,1.86574622354628,1.85311257202741,1.83238217902966,1.83593021611654,,
Niger,NER,"Fertility rate, total (births per woman)",SP.DYN.TFRT.IN,7.407,7.416,7.416,7.407,7.39,7.369,7.353,7.345,7.35,7.369,7.4,7.441,7.484,7.526,7.562,7.59,7.608,7.618,7.62,7.617,7.611,7.606,7.604,7.608,7.618,7.633,7.653,7.673,7.692,7.708,7.721,7.73,7.737,7.742,7.746,7.749,7.749,7.748,7.746,7.742,7.738,7.732,7.725,7.718,7.71,7.702,7.695,7.688,7.682,7.675,7.667,7.656,7.642,7.623,7.599,,
Nigeria,NGA,"Fertility rate, total (births per woman)",SP.DYN.TFRT.IN,6.354,6.351,6.346,6.341,6.336,6.335,6.342,6.359,6.387,6.425,6.471,6.522,6.575,6.625,6.669,6.706,6.735,6.757,6.772,6.781,6.783,6.779,6.767,6.749,6.726,6.698,6.664,6.625,6.582,6.537,6.49,6.443,6.395,6.348,6.303,6.262,6.224,6.19,6.159,6.131,6.106,6.083,6.06,6.036,6.011,5.985,5.958,5.93,5.902,5.873,5.84,5.802,5.758,5.707,5.65,,
Nicaragua,NIC,"Fertility rate, total (births per woman)",SP.DYN.TFRT.IN,7.336,7.257,7.179,7.109,7.052,7.01,6.981,6.961,6.941,6.919,6.892,6.855,6.807,6.748,6.678,6.597,6.51,6.42,6.327,6.232,6.132,6.022,5.9,5.762,5.611,5.448,5.278,5.104,4.931,4.762,4.597,4.433,4.27,4.105,3.942,3.78,3.623,3.473,3.331,3.201,3.083,2.978,2.887,2.807,2.738,2.677,2.622,2.571,2.522,2.475,2.428,2.383,2.34,2.3,2.264,,
Netherlands,NLD,"Fertility rate, total (births per woman)",SP.DYN.TFRT.IN,3.12,3.22,3.18,3.19,3.17,3.04,2.9,2.81,2.72,2.75,2.57,2.36,2.15,1.9,1.77,1.66,1.63,1.58,1.58,1.56,1.6,1.56,1.5,1.47,1.49,1.51,1.55,1.56,1.55,1.55,1.62,1.61,1.59,1.57,1.57,1.53,1.53,1.56,1.63,1.65,1.72,1.71,1.73,1.75,1.72,1.71,1.72,1.72,1.77,1.79,1.79,1.76,1.72,1.68,1.68,,
Norway,NOR,"Fertility rate, total (births per woman)",SP.DYN.TFRT.IN,2.85,2.94,2.91,2.93,2.98,2.94,2.9,2.81,2.75,2.7,2.5,2.49,2.38,2.23,2.13,1.98,1.86,1.75,1.77,1.75,1.72,1.7,1.71,1.66,1.66,1.68,1.71,1.74,1.84,1.89,1.93,1.92,1.88,1.86,1.87,1.87,1.89,1.86,1.81,1.85,1.85,1.78,1.75,1.8,1.83,1.84,1.9,1.9,1.96,1.98,1.95,1.88,1.85,1.78,1.78,,
Nepal,NPL,"Fertility rate, total (births per woman)",SP.DYN.TFRT.IN,5.959,5.96,5.962,5.964,5.965,5.966,5.963,5.958,5.948,5.934,5.918,5.901,5.884,5.868,5.853,5.838,5.822,5.804,5.783,5.756,5.725,5.687,5.645,5.597,5.546,5.49,5.431,5.371,5.308,5.242,5.172,5.097,5.015,4.926,4.828,4.72,4.6,4.47,4.33,4.182,4.03,3.877,3.724,3.575,3.43,3.289,3.151,3.012,2.873,2.737,2.606,2.486,2.381,2.292,2.222,,
New Zealand,NZL,"Fertility rate, total (births per woman)",SP.DYN.TFRT.IN,4.129,4.099,4.107,3.989,3.733,3.54,3.41,3.354,3.332,3.269,3.158,3.194,3,2.696,2.57,2.331,2.273,2.229,2.07,2.12,2.03,2.01,1.95,1.92,1.93,1.93,1.96,2.03,2.1,2.12,2.18,2.16,2.12,2.05,2,1.99,1.96,1.96,1.89,1.97,1.98,1.97,1.89,1.93,1.98,1.97,2.01,2.18,2.19,2.13,2.17,2.09,2.1,2.01,1.92,,
OECD members,OED,"Fertility rate, total (births per woman)",SP.DYN.TFRT.IN,3.23589453029764,3.24284971718937,3.19766870399799,3.17813855687066,3.15877671621015,3.06751638190743,2.9145127998798,2.90989857636572,2.86963753864502,2.83412576514773,2.80193903636469,2.7419829909957,2.60982231962127,2.52631971374381,2.46850780188693,2.3746633296105,2.30420444239304,2.26015702503815,2.20335883944469,2.19713621579445,2.17400518745233,2.12091910133126,2.10030455180763,2.05388480455121,2.01778059225818,2.00697450565145,1.97951134944228,1.96627528320953,1.97266255504658,1.96311509988413,1.97512991663566,1.94972144820269,1.92476320793703,1.88623981110682,1.86381284297229,1.82659790465994,1.81803333494275,1.80509284356603,1.79931625981995,1.79004254711302,1.81039533472135,1.78059554200062,1.7648000537658,1.77121799304482,1.77647222897463,1.77063111328905,1.80248501573311,1.82197807724766,1.82601103103312,1.79881123018202,1.78907346627643,1.76576173843128,1.76477948727104,1.73964406821572,1.73874266923239,,
Pakistan,PAK,"Fertility rate, total (births per woman)",SP.DYN.TFRT.IN,6.6,6.6,6.6,6.6,6.6,6.6,6.6,6.6,6.6,6.6,6.601,6.602,6.605,6.608,6.611,6.612,6.608,6.599,6.583,6.561,6.535,6.508,6.483,6.46,6.436,6.407,6.367,6.31,6.234,6.138,6.024,5.896,5.76,5.622,5.482,5.342,5.198,5.048,4.892,4.733,4.58,4.438,4.314,4.211,4.129,4.067,4.02,3.98,3.942,3.901,3.855,3.802,3.744,3.682,3.617,,
Panama,PAN,"Fertility rate, total (births per woman)",SP.DYN.TFRT.IN,5.87,5.846,5.812,5.765,5.707,5.638,5.559,5.472,5.378,5.279,5.173,5.06,4.939,4.81,4.675,4.537,4.398,4.26,4.128,4.002,3.884,3.775,3.675,3.581,3.494,3.413,3.336,3.262,3.19,3.121,3.057,3,2.952,2.914,2.883,2.858,2.834,2.808,2.778,2.743,2.705,2.667,2.632,2.603,2.579,2.562,2.55,2.541,2.533,2.524,2.513,2.5,2.484,2.465,2.444,,
Peru,PER,"Fertility rate, total (births per woman)",SP.DYN.TFRT.IN,6.971,6.97,6.963,6.948,6.921,6.878,6.816,6.733,6.63,6.51,6.378,6.239,6.099,5.963,5.832,5.705,5.578,5.447,5.31,5.167,5.021,4.875,4.733,4.6,4.475,4.358,4.249,4.142,4.037,3.933,3.828,3.722,3.617,3.514,3.413,3.317,3.226,3.142,3.064,2.993,2.929,2.871,2.818,2.77,2.725,2.684,2.648,2.616,2.59,2.566,2.545,2.525,2.504,2.48,2.455,,
Philippines,PHL,"Fertility rate, total (births per woman)",SP.DYN.TFRT.IN,7.148,7.087,7.02,6.947,6.867,6.781,6.689,6.589,6.485,6.376,6.264,6.152,6.041,5.931,5.824,5.718,5.613,5.506,5.399,5.29,5.183,5.078,4.978,4.883,4.795,4.712,4.632,4.554,4.476,4.397,4.32,4.246,4.177,4.113,4.056,4.006,3.962,3.923,3.888,3.852,3.814,3.767,3.71,3.644,3.569,3.487,3.404,3.324,3.251,3.187,3.133,3.088,3.048,3.011,2.977,,
Papua New Guinea,PNG,"Fertility rate, total (births per woman)",SP.DYN.TFRT.IN,6.275,6.278,6.278,6.275,6.268,6.258,6.244,6.227,6.208,6.187,6.163,6.137,6.108,6.077,6.041,6,5.954,5.9,5.839,5.771,5.694,5.609,5.515,5.415,5.312,5.21,5.11,5.018,4.934,4.861,4.802,4.756,4.723,4.7,4.683,4.668,4.653,4.632,4.604,4.569,4.525,4.475,4.422,4.368,4.315,4.263,4.21,4.157,4.101,4.044,3.985,3.927,3.869,3.812,3.757,,
Pre-demographic dividend,PRE,"Fertility rate, total (births per woman)",SP.DYN.TFRT.IN,6.62976329644365,6.64839922343204,6.66813171325403,6.68872839886744,6.70900954860025,6.72928716056908,6.74974838718506,6.77076275974827,6.79236276958983,6.81373906302416,6.8343162487121,6.85437599494094,6.87336466694586,6.89017332749744,6.90431781781399,6.91493123720031,6.9209725390142,6.9221565743579,6.91828860232251,6.90974244238079,6.89667577271288,6.88019884737184,6.86070100036197,6.83932183186578,6.81637659703258,6.79142260198226,6.76322769240939,6.73095394127132,6.69375609687275,6.65190919339994,6.60580551891402,6.55620270114562,6.50525427262822,6.45439407970209,6.40438776464587,6.35600614927144,6.30852034283385,6.26205994984452,6.21633691134611,6.17128897175218,6.12719368923201,6.08394275613557,6.04063969462402,5.99634137601334,5.94994238091845,5.90099155960595,5.84822443322529,5.79216092308236,5.73366913486141,5.67195959349308,5.60656896961242,5.53739779529838,5.46534107536256,5.39132691430984,5.31608775591584,,
Portugal,PRT,"Fertility rate, total (births per woman)",SP.DYN.TFRT.IN,3.16,3.21,3.23,3.12,3.21,3.15,3.16,3.16,3.12,3.12,3.01,3,2.86,2.77,2.7,2.75,2.82,2.69,2.45,2.31,2.25,2.13,2.07,1.95,1.9,1.72,1.66,1.62,1.61,1.57,1.56,1.56,1.54,1.52,1.45,1.41,1.44,1.47,1.47,1.5,1.55,1.45,1.46,1.44,1.4,1.41,1.37,1.35,1.39,1.34,1.39,1.35,1.28,1.21,1.21,,
Post-demographic dividend,PST,"Fertility rate, total (births per woman)",SP.DYN.TFRT.IN,2.90423913339532,2.91274509374857,2.8685020498949,2.84213885895313,2.81875732551913,2.72440912338808,2.57050652518609,2.55934064433096,2.51549688721236,2.47639195652788,2.44026628520729,2.37495225128078,2.23370454100801,2.14618645393165,2.09255066486423,2.0013405034584,1.93698452283703,1.90435931713024,1.86055974894748,1.86643897006893,1.85500274842801,1.81153829387117,1.80108619996588,1.76618131266724,1.74104796234819,1.73945025764855,1.72423180849123,1.71949962269317,1.73805254122312,1.73154517272401,1.74978770478397,1.72460064381585,1.70524677982143,1.66562971569143,1.64379484485266,1.61121877513629,1.60473133687027,1.59375676069939,1.59101232856315,1.58566560836904,1.61620902597356,1.58827009611014,1.58054775934507,1.59707141184397,1.6122146893853,1.61212357521548,1.65863817307915,1.68742616804623,1.69930012394965,1.67159692011738,1.66114914326,1.64212929952413,1.64955353359755,1.62140010575051,1.62424324147307,,
Rwanda,RWA,"Fertility rate, total (births per woman)",SP.DYN.TFRT.IN,8.187,8.194,8.197,8.198,8.198,8.198,8.198,8.201,8.207,8.217,8.231,8.252,8.278,8.307,8.339,8.37,8.399,8.423,8.441,8.449,8.448,8.439,8.423,8.397,8.355,8.285,8.173,8.013,7.807,7.562,7.291,7.015,6.753,6.518,6.319,6.159,6.032,5.926,5.829,5.734,5.64,5.545,5.449,5.353,5.254,5.146,5.027,4.895,4.751,4.598,4.441,4.287,4.143,4.012,3.898,,
South Asia,SAS,"Fertility rate, total (births per woman)",SP.DYN.TFRT.IN,6.04565800626695,6.04525928460754,6.04088778851857,6.03189924067966,6.01676659436936,5.99491117653268,5.96715890979278,5.93312222024002,5.89338795019089,5.8481911072379,5.79751151304366,5.74031548374934,5.67689123293784,5.60790284403728,5.53523605534492,5.46094432519165,5.38872224728134,5.31856281777461,5.25159319905035,5.18740878042977,5.12522755160428,5.06166125124894,4.99486500512449,4.92284959530173,4.84559400291361,4.76209442147606,4.67232308669197,4.57839390239708,4.48223655174071,4.38428013644597,4.28755860096337,4.19323903086021,4.10236563770757,4.01512508342387,3.93173515315751,3.85120750016594,3.77236135783445,3.69444589717184,3.61669254995636,3.53883292024746,3.46103170646033,3.38437520976207,3.3089749786352,3.2356796763341,3.16430030780154,3.09390965406777,3.02466111816577,2.95618711192305,2.88738717931233,2.8214338487807,2.75805522425789,2.69951140911114,2.6460211586854,2.59908851346638,2.5576526182918,,
Sudan,SDN,"Fertility rate, total (births per woman)",SP.DYN.TFRT.IN,6.691,6.713,6.737,6.762,6.787,6.81,6.831,6.85,6.865,6.878,6.888,6.899,6.91,6.921,6.93,6.936,6.933,6.919,6.892,6.853,6.802,6.741,6.674,6.605,6.535,6.467,6.401,6.338,6.275,6.214,6.153,6.092,6.028,5.962,5.893,5.821,5.747,5.672,5.596,5.52,5.444,5.366,5.287,5.206,5.123,5.039,4.956,4.873,4.792,4.713,4.636,4.562,4.491,4.421,4.353,,
Senegal,SEN,"Fertility rate, total (births per woman)",SP.DYN.TFRT.IN,6.951,6.994,7.036,7.077,7.116,7.154,7.192,7.23,7.267,7.305,7.34,7.374,7.405,7.432,7.452,7.465,7.468,7.461,7.445,7.418,7.382,7.337,7.284,7.225,7.16,7.089,7.011,6.925,6.833,6.734,6.63,6.519,6.404,6.287,6.169,6.053,5.94,5.833,5.731,5.638,5.552,5.474,5.403,5.338,5.28,5.232,5.198,5.177,5.169,5.171,5.174,5.173,5.161,5.134,5.09,,
Sierra Leone,SLE,"Fertility rate, total (births per woman)",SP.DYN.TFRT.IN,5.97,5.969,5.967,5.965,5.963,5.963,5.964,5.967,5.975,5.986,6.002,6.023,6.049,6.079,6.113,6.15,6.189,6.23,6.272,6.314,6.356,6.4,6.445,6.49,6.535,6.576,6.612,6.64,6.66,6.67,6.669,6.659,6.64,6.614,6.582,6.543,6.499,6.448,6.391,6.327,6.257,6.18,6.097,6.007,5.91,5.805,5.69,5.565,5.432,5.293,5.151,5.01,4.874,4.746,4.626,,
Sub-Saharan Africa (excluding high income),SSA,"Fertility rate, total (births per woman)",SP.DYN.TFRT.IN,6.6200442143153,6.63164086593056,6.64172882932405,6.65039173048397,6.65737486632279,6.66401969821675,6.67159101007232,6.6818393040887,6.69507298045117,6.71110017360926,6.72880140156931,6.7469948705383,6.76439906845362,6.77883380354528,6.78950808968857,6.79557167302827,6.79691104133068,6.793917447091,6.78685885107129,6.77602319695226,6.76097793448758,6.74148107614905,6.71798705651459,6.69087179224704,6.65964765399952,6.62387616483629,6.58273361015176,6.53573520868308,6.48305923125348,6.42532857981954,6.36402226180498,6.29836281190836,6.23302945737401,6.16874193708584,6.10768113709673,6.04980597046017,5.99502291622491,5.94260116867541,5.89190716076142,5.84258614252719,5.79346009772076,5.74453432474028,5.69672910128774,5.64630316423538,5.59376259109238,5.53850003004716,5.48054115315487,5.42121681313893,5.36131237282286,5.30054784306293,5.23861767948122,5.17442336952228,5.10848825290977,5.04059855863438,4.97152036110332,,
Sub-Saharan Africa,SSF,"Fertility rate, total (births per woman)",SP.DYN.TFRT.IN,6.6200442143153,6.63164086593056,6.64172882932405,6.65039173048396,6.65737486632279,6.66401969821675,6.67159101007232,6.6818393040887,6.69507298045117,6.71110017360926,6.72880140156931,6.7469948705383,6.76439906845361,6.77883380354528,6.78950808968856,6.79557167302827,6.79652956487637,6.793917447091,6.78685885107129,6.77602319695226,6.76097793448758,6.74148107614905,6.71745548793322,6.69087179224704,6.65964765399952,6.62387616483629,6.58273361015176,6.53518901158176,6.48305923125348,6.42532857981954,6.36402226180499,6.29836281190836,6.2325128691991,6.16874193708585,6.10768113709673,6.04980597046017,5.99502291622491,5.94203905656569,5.8913403109712,5.84202456096315,5.79291801529219,5.74398876703277,5.69619082416368,5.64579737876871,5.59326440124525,5.53804733381905,5.48009144671371,5.42080805628976,5.36092569006052,5.30019414526205,5.2382392263979,5.17411071769895,5.10819236662907,5.04031677651894,4.97124253175181,,
Suriname,SUR,"Fertility rate, total (births per woman)",SP.DYN.TFRT.IN,6.608,6.594,6.558,6.497,6.412,6.304,6.182,6.053,5.922,5.79,5.653,5.504,5.336,5.148,4.945,4.734,4.525,4.331,4.158,4.011,3.891,3.797,3.719,3.653,3.593,3.537,3.483,3.432,3.382,3.332,3.282,3.231,3.181,3.131,3.083,3.035,2.987,2.941,2.896,2.853,2.81,2.769,2.73,2.692,2.655,2.619,2.586,2.553,2.523,2.493,2.465,2.438,2.411,2.386,2.36,,
Sweden,SWE,"Fertility rate, total (births per woman)",SP.DYN.TFRT.IN,2.17,2.21,2.25,2.33,2.47,2.39,2.37,2.28,2.07,1.93,1.92,1.96,1.91,1.87,1.87,1.77,1.68,1.64,1.6,1.66,1.68,1.63,1.62,1.61,1.66,1.74,1.8,1.84,1.96,2.01,2.13,2.11,2.09,1.99,1.88,1.73,1.6,1.52,1.5,1.5,1.54,1.57,1.65,1.71,1.75,1.77,1.85,1.88,1.91,1.94,1.98,1.9,1.91,1.89,1.89,,
Swaziland,SWZ,"Fertility rate, total (births per woman)",SP.DYN.TFRT.IN,6.717,6.73,6.745,6.763,6.782,6.802,6.822,6.841,6.857,6.869,6.875,6.876,6.87,6.858,6.84,6.817,6.79,6.761,6.729,6.695,6.658,6.618,6.573,6.52,6.459,6.384,6.291,6.18,6.051,5.905,5.744,5.571,5.392,5.211,5.035,4.866,4.709,4.564,4.432,4.313,4.209,4.121,4.046,3.982,3.925,3.871,3.818,3.761,3.699,3.632,3.559,3.483,3.407,3.334,3.266,,
Chad,TCD,"Fertility rate, total (births per woman)",SP.DYN.TFRT.IN,6.25,6.268,6.285,6.301,6.318,6.337,6.362,6.393,6.432,6.477,6.528,6.582,6.636,6.688,6.736,6.78,6.82,6.857,6.892,6.925,6.958,6.99,7.023,7.056,7.089,7.124,7.161,7.199,7.238,7.276,7.313,7.346,7.376,7.399,7.416,7.425,7.426,7.419,7.405,7.384,7.354,7.315,7.268,7.212,7.147,7.074,6.992,6.901,6.804,6.701,6.594,6.485,6.374,6.264,6.156,,
East Asia & Pacific (IDA & IBRD countries),TEA,"Fertility rate, total (births per woman)",SP.DYN.TFRT.IN,5.8438971406409,5.95583290512848,6.06991600517895,6.17342382406298,6.25291395731661,6.29523615237847,6.28705549250141,6.2281419167502,6.11766417359007,5.95583786848974,5.74363105674109,5.48247646682788,5.18495350237812,4.86665667130343,4.54146724554106,4.22614683012655,3.93325671897095,3.6718777201242,3.447800522949,3.2670120031813,3.1336467836744,3.04884480016332,3.00316771864155,2.98407608632537,2.98304448224377,2.98437667710093,2.97216233702774,2.93956831601859,2.87964937523401,2.7917921224674,2.67646283639108,2.54255168829066,2.40000197322836,2.26257545398731,2.13598216476355,2.02864440538674,1.94184431695819,1.87681867232447,1.83122265188339,1.80248800022462,1.78805847546177,1.78522781700106,1.78758471759928,1.79288456593847,1.79803835869764,1.80022960165747,1.80204613527794,1.80209777036197,1.80273452923939,1.80345748653856,1.80468551037037,1.80639245588064,1.8079306969906,1.80990922123603,1.81217196268084,,
Togo,TGO,"Fertility rate, total (births per woman)",SP.DYN.TFRT.IN,6.521,6.57,6.622,6.677,6.734,6.792,6.851,6.911,6.971,7.029,7.084,7.136,7.182,7.222,7.254,7.275,7.286,7.284,7.27,7.245,7.207,7.158,7.099,7.031,6.954,6.869,6.775,6.672,6.561,6.444,6.324,6.202,6.082,5.965,5.855,5.755,5.666,5.588,5.52,5.461,5.41,5.364,5.32,5.276,5.229,5.179,5.123,5.064,5.002,4.936,4.868,4.798,4.727,4.655,4.584,,
Thailand,THA,"Fertility rate, total (births per woman)",SP.DYN.TFRT.IN,6.147,6.151,6.155,6.157,6.151,6.129,6.084,6.009,5.903,5.764,5.595,5.397,5.181,4.953,4.721,4.488,4.257,4.03,3.808,3.594,3.392,3.202,3.024,2.859,2.707,2.571,2.451,2.346,2.256,2.179,2.113,2.055,2.003,1.956,1.911,1.867,1.823,1.781,1.742,1.705,1.671,1.641,1.616,1.595,1.58,1.568,1.561,1.557,1.553,1.551,1.547,1.542,1.534,1.524,1.512,,
South Asia (IDA & IBRD),TSA,"Fertility rate, total (births per woman)",SP.DYN.TFRT.IN,6.04565800626695,6.04525928460753,6.04088778851857,6.03189924067966,6.01676659436935,5.99491117653268,5.96715890979278,5.93312222024002,5.89338795019089,5.8481911072379,5.79751151304366,5.74031548374934,5.67689123293784,5.60790284403728,5.53523605534492,5.46094432519165,5.38872224728134,5.31856281777461,5.25159319905035,5.18740878042977,5.12522755160428,5.06166125124894,4.99486500512449,4.92284959530173,4.84559400291361,4.76209442147606,4.67232308669197,4.57839390239708,4.48223655174071,4.38428013644597,4.28755860096337,4.19323903086021,4.10236563770757,4.01512508342387,3.93173515315751,3.85120750016594,3.77236135783445,3.69444589717184,3.61669254995636,3.53883292024746,3.46103170646033,3.38437520976207,3.3089749786352,3.2356796763341,3.16430030780154,3.09390965406777,3.02466111816577,2.95618711192305,2.88738717931233,2.8214338487807,2.75805522425789,2.69951140911114,2.6460211586854,2.59908851346638,2.5576526182918,,
Sub-Saharan Africa (IDA & IBRD countries),TSS,"Fertility rate, total (births per woman)",SP.DYN.TFRT.IN,6.6200442143153,6.63164086593056,6.64172882932405,6.65039173048396,6.65737486632279,6.66401969821675,6.67159101007232,6.6818393040887,6.69507298045117,6.71110017360926,6.72880140156931,6.7469948705383,6.76439906845361,6.77883380354528,6.78950808968856,6.79557167302827,6.79652956487637,6.79391744709101,6.78685885107129,6.77602319695226,6.76097793448758,6.74148107614905,6.71745548793322,6.69087179224704,6.65964765399952,6.62387616483629,6.58273361015176,6.53518901158176,6.48305923125348,6.42532857981954,6.36402226180498,6.29836281190836,6.2325128691991,6.16874193708585,6.10768113709673,6.04980597046018,5.99502291622491,5.9420390565657,5.8913403109712,5.84202456096315,5.7929180152922,5.74398876703277,5.69619082416368,5.64579737876871,5.59326440124525,5.53804733381905,5.48009144671371,5.42080805628976,5.36092569006052,5.30019414526205,5.2382392263979,5.17411071769895,5.10819236662907,5.04031677651894,4.97124253175181,,
Trinidad and Tobago,TTO,"Fertility rate, total (births per woman)",SP.DYN.TFRT.IN,5.264,5.177,5.047,4.873,4.664,4.433,4.2,3.985,3.802,3.658,3.554,3.484,3.432,3.389,3.349,3.313,3.287,3.273,3.271,3.278,3.284,3.281,3.261,3.218,3.151,3.06,2.949,2.827,2.7,2.574,2.453,2.339,2.231,2.131,2.04,1.961,1.896,1.843,1.801,1.772,1.753,1.744,1.744,1.749,1.758,1.769,1.78,1.79,1.799,1.804,1.806,1.804,1.798,1.789,1.778,,
Turkey,TUR,"Fertility rate, total (births per woman)",SP.DYN.TFRT.IN,6.303,6.241,6.175,6.104,6.029,5.951,5.874,5.797,5.721,5.644,5.563,5.475,5.375,5.263,5.14,5.008,4.872,4.738,4.608,4.483,4.361,4.239,4.114,3.982,3.844,3.703,3.563,3.426,3.298,3.181,3.076,2.986,2.908,2.84,2.781,2.728,2.679,2.63,2.581,2.531,2.479,2.426,2.376,2.329,2.287,2.25,2.219,2.193,2.17,2.151,2.134,2.118,2.103,2.087,2.07,,
Uganda,UGA,"Fertility rate, total (births per woman)",SP.DYN.TFRT.IN,6.999,7.019,7.04,7.06,7.078,7.094,7.106,7.113,7.117,7.118,7.115,7.111,7.107,7.103,7.1,7.099,7.099,7.099,7.099,7.1,7.1,7.101,7.101,7.102,7.103,7.103,7.103,7.102,7.1,7.097,7.091,7.082,7.071,7.057,7.039,7.018,6.994,6.967,6.937,6.903,6.865,6.822,6.772,6.716,6.653,6.583,6.507,6.424,6.337,6.247,6.154,6.059,5.964,5.869,5.775,,
Upper middle income,UMC,"Fertility rate, total (births per woman)",SP.DYN.TFRT.IN,5.33163530575638,5.38614561762325,5.47597359517285,5.54156128461775,5.58536909043473,5.60378588332706,5.58467875203362,5.55290556003232,5.45703849804869,5.31962873184228,5.15236170838738,4.93533123202561,4.7199723917133,4.47204404369487,4.22705326442733,3.98143923893644,3.75521072349405,3.55255143884182,3.37545922082133,3.23253968237371,3.12405926769386,3.05184790088594,3.0258213727774,3.01181409646591,3.00467818602599,2.99945619550996,2.99211429367237,2.96300915661868,2.89749252270139,2.80627103921093,2.68987355740287,2.55564629106645,2.42049777319278,2.28817493327584,2.17949196034068,2.08004279697679,1.999793752697,1.93632690029478,1.89342840602658,1.85815564352587,1.83976301721848,1.82982710969042,1.8255711082423,1.82191583025111,1.82097061277522,1.81353924304988,1.81098190342715,1.81451647084678,1.81908264374267,1.81999016860949,1.82134348096735,1.82206759596656,1.83055151667424,1.83079130786899,1.83223648666875,,
United States,USA,"Fertility rate, total (births per woman)",SP.DYN.TFRT.IN,3.654,3.62,3.461,3.319,3.19,2.913,2.721,2.558,2.464,2.456,2.48,2.266,2.01,1.879,1.835,1.774,1.738,1.79,1.76,1.808,1.8395,1.812,1.8275,1.799,1.8065,1.844,1.8375,1.872,1.934,2.014,2.081,2.0625,2.046,2.0195,2.0015,1.978,1.976,1.971,1.999,2.0075,2.056,2.0305,2.0205,2.0475,2.0515,2.057,2.108,2.12,2.072,2.002,1.931,1.8945,1.8805,1.8575,1.8615,,
St. Vincent and the Grenadines,VCT,"Fertility rate, total (births per woman)",SP.DYN.TFRT.IN,7.224,7.155,7.074,6.981,6.876,6.76,6.632,6.494,6.345,6.185,6.014,5.828,5.629,5.417,5.197,4.973,4.752,4.54,4.339,4.154,3.985,3.832,3.692,3.561,3.439,3.328,3.23,3.144,3.072,3.01,2.956,2.907,2.86,2.811,2.76,2.703,2.641,2.576,2.509,2.442,2.379,2.321,2.271,2.229,2.196,2.17,2.149,2.131,2.112,2.092,2.07,2.046,2.021,1.997,1.974,,
World,WLD,"Fertility rate, total (births per woman)",SP.DYN.TFRT.IN,4.98441165561881,5.00818568143219,5.03038638935706,5.05074090849013,5.06124186186183,5.04482348152905,4.99521211738283,4.97835344630988,4.92733894009698,4.86030210773125,4.78246014012295,4.67508794993498,4.54708388246299,4.41881185791634,4.29690429051125,4.1651273983013,4.04677954647959,3.9435698358281,3.84852555411236,3.77868871384867,3.71812916589663,3.66035051040217,3.63038198516539,3.59757376539526,3.56749098003855,3.5415345688977,3.50840673822299,3.46831387919371,3.4163942729638,3.3487503954374,3.27706504976496,3.18932134403118,3.10272533183084,3.01364691473272,2.93896404169234,2.86762502172084,2.80965901252176,2.75782318427772,2.71913112131043,2.68343439856941,2.66157646527684,2.63270180746971,2.61184845515343,2.59526823779365,2.58103480679664,2.56124681909534,2.55170123332238,2.54274186062798,2.53217890403377,2.51423858074985,2.50001830340849,2.48451776106682,2.47738914353831,2.4625187593512,2.45332081768493,,
South Africa,ZAF,"Fertility rate, total (births per woman)",SP.DYN.TFRT.IN,6.173,6.144,6.103,6.049,5.984,5.911,5.836,5.765,5.7,5.643,5.591,5.539,5.482,5.415,5.338,5.251,5.159,5.064,4.969,4.877,4.786,4.695,4.602,4.504,4.402,4.293,4.177,4.052,3.923,3.791,3.658,3.53,3.408,3.296,3.196,3.11,3.04,2.983,2.937,2.899,2.866,2.834,2.801,2.763,2.721,2.675,2.627,2.58,2.538,2.5,2.467,2.438,2.412,2.387,2.363,,
Zambia,ZMB,"Fertility rate, total (births per woman)",SP.DYN.TFRT.IN,7.018,7.071,7.127,7.184,7.24,7.292,7.338,7.376,7.405,7.425,7.437,7.442,7.445,7.444,7.441,7.431,7.412,7.381,7.335,7.277,7.209,7.133,7.055,6.978,6.904,6.834,6.767,6.701,6.634,6.568,6.502,6.439,6.38,6.325,6.276,6.233,6.196,6.165,6.139,6.116,6.097,6.08,6.064,6.048,6.028,6.001,5.963,5.911,5.847,5.772,5.687,5.599,5.511,5.429,5.353,,
Zimbabwe,ZWE,"Fertility rate, total (births per woman)",SP.DYN.TFRT.IN,7.158,7.215,7.267,7.311,7.347,7.373,7.391,7.403,7.411,7.415,7.417,7.419,7.42,7.417,7.41,7.395,7.369,7.33,7.273,7.196,7.095,6.967,6.811,6.633,6.435,6.223,6.004,5.784,5.569,5.365,5.176,5.001,4.84,4.69,4.553,4.431,4.326,4.237,4.165,4.108,4.065,4.036,4.018,4.008,4.005,4.006,4.012,4.022,4.034,4.044,4.048,4.039,4.016,3.977,3.923,,
